customer_id,year,total_profit
AA-10315,2017,193
AA-10315,2016,-747.09
AA-10315,2015,7
AA-10315,2014,280.68
AA-10375,2017,68.92
AA-10375,2016,122.73
AA-10375,2015,69.03
AA-10375,2014,16.72
AA-10480,2017,5.44
AA-10480,2016,420.75
AA-10480,2014,19.78
AA-10645,2017,6.22
AA-10645,2016,334.63
AA-10645,2015,439.31
AA-10645,2014,77.64
AB-10015,2016,116.86
AB-10015,2014,12.82
AB-10060,2017,477.84
AB-10060,2016,1643.6
AB-10060,2015,8.71
AB-10105,2017,379.42
AB-10105,2016,4748.27
AB-10105,2015,-142.67
AB-10105,2014,498.73
AB-10150,2017,40
AB-10150,2016,5.44
AB-10150,2015,14.04
AB-10150,2014,261.2
AB-10165,2017,141.73
AB-10165,2015,79.94
AB-10165,2014,-1.07
AB-10255,2017,197.67
AB-10255,2016,26.07
AB-10255,2015,34.34
AB-10255,2014,6.49
AB-10600,2017,-256.46
AB-10600,2015,5.07
AB-10600,2014,-23.89
AC-10420,2017,-69.06
AC-10420,2016,21.59
AC-10420,2014,-14.66
AC-10450,2017,876.48
AC-10450,2016,762.28
AC-10450,2015,24.98
AC-10450,2014,84
AC-10615,2017,330.91
AC-10615,2015,-32.3
AC-10660,2017,-32.34
AC-10660,2016,8.61
AC-10660,2014,-4.97
AD-10180,2017,1866.92
AD-10180,2015,9.6
AD-10180,2014,-6.6
AF-10870,2017,-75.19
AF-10870,2016,390.79
AF-10870,2015,2.02
AF-10885,2016,-5.75
AF-10885,2015,101.18
AF-10885,2014,-258.56
AG-10270,2017,1.5
AG-10270,2016,696.3
AG-10270,2015,16.96
AG-10270,2014,17.99
AG-10300,2017,1.67
AG-10300,2016,20.48
AG-10300,2015,8.39
AG-10300,2014,28.74
AG-10330,2017,-67.1
AG-10330,2016,61.74
AG-10390,2017,8.3
AG-10390,2016,-7
AG-10390,2014,67.97
AG-10495,2017,25.05
AG-10495,2016,6.03
AG-10495,2015,337.59
AG-10525,2015,-59.22
AG-10525,2014,-93.53
AG-10675,2017,61.15
AG-10675,2016,-281.56
AG-10675,2015,-25.99
AG-10765,2017,-66.01
AG-10765,2015,61.71
AG-10765,2014,-4.12
AG-10900,2017,-71.97
AG-10900,2016,252.36
AG-10900,2015,18.82
AG-10900,2014,144.46
AH-10030,2017,2.34
AH-10030,2016,38.04
AH-10030,2015,136.56
AH-10030,2014,188.28
AH-10075,2017,-54.58
AH-10075,2016,332.64
AH-10075,2015,0.34
AH-10075,2014,2.4
AH-10120,2017,382
AH-10120,2016,-299.15
AH-10120,2014,-25.91
AH-10195,2017,-16.58
AH-10195,2016,-349.36
AH-10195,2015,-12.1
AH-10210,2017,946.65
AH-10210,2016,5.57
AH-10210,2015,269.15
AH-10210,2014,87.19
AH-10465,2017,147.87
AH-10465,2016,-1.78
AH-10465,2015,-342.08
AH-10585,2017,28.92
AH-10585,2016,13.45
AH-10585,2014,41.6
AH-10690,2016,1144.05
AH-10690,2015,106.62
AH-10690,2014,46.2
AI-10855,2017,68.18
AI-10855,2016,485.32
AI-10855,2015,17.03
AI-10855,2014,288.24
AJ-10780,2017,208.05
AJ-10780,2016,-5.7
AJ-10780,2015,5.32
AJ-10780,2014,-56.95
AJ-10795,2017,255.24
AJ-10795,2016,400.21
AJ-10795,2014,503.26
AJ-10945,2017,167.94
AJ-10945,2016,33.22
AJ-10945,2015,316.58
AJ-10945,2014,3.4
AJ-10960,2017,2.77
AJ-10960,2014,57.65
AM-10360,2017,-1.57
AM-10360,2016,9.97
AM-10360,2015,271.41
AM-10360,2014,7.68
AM-10705,2017,392.01
AM-10705,2016,90.26
AM-10705,2015,14.7
AM-10705,2014,476.86
AO-10810,2016,12.1
AP-10720,2017,-11.07
AP-10720,2016,396.7
AP-10720,2015,-1.36
AP-10720,2014,54.65
AP-10915,2017,-179.86
AP-10915,2016,338.85
AP-10915,2014,420.69
AR-10345,2017,23.95
AR-10345,2015,-2.57
AR-10345,2014,-242.44
AR-10405,2017,-221.58
AR-10405,2015,105.47
AR-10405,2014,17.59
AR-10510,2017,5.18
AR-10510,2016,18.89
AR-10510,2015,27.99
AR-10510,2014,-8.41
AR-10540,2017,2607.68
AR-10540,2016,9.53
AR-10540,2015,247.28
AR-10540,2014,20.12
AR-10570,2016,48.17
AR-10825,2017,105.07
AR-10825,2016,370.3
AR-10825,2015,9.33
AR-10825,2014,10.37
AS-10045,2017,-377.96
AS-10045,2016,92.14
AS-10045,2014,32.23
AS-10090,2017,-331.65
AS-10090,2016,22.55
AS-10090,2015,243.86
AS-10090,2014,129.55
AS-10135,2017,20.34
AS-10135,2016,3
AS-10225,2017,268.43
AS-10225,2016,-6.21
AS-10225,2015,12.86
AS-10225,2014,444.69
AS-10240,2017,-31.92
AS-10240,2016,23.18
AS-10240,2015,5.08
AS-10240,2014,37.35
AS-10285,2017,23.26
AS-10285,2016,331.37
AS-10630,2017,69.09
AS-10630,2016,6.37
AS-10630,2015,-10.81
AS-10630,2014,71.95
AT-10435,2017,96.13
AT-10435,2016,6.43
AT-10435,2015,-2.53
AT-10435,2014,0.84
AT-10735,2017,111.72
AT-10735,2016,70.35
AT-10735,2015,739.52
AT-10735,2014,71.66
AW-10840,2017,79.28
AW-10840,2015,-13.5
AW-10930,2017,164.78
AW-10930,2016,-213.35
AW-10930,2015,64.24
AW-10930,2014,-42.56
AY-10555,2017,31.04
AY-10555,2016,6.7
AY-10555,2014,65.6
AZ-10750,2017,15
AZ-10750,2016,32.57
AZ-10750,2015,34.34
AZ-10750,2014,74.74
BB-10990,2017,6.92
BB-10990,2016,12.87
BB-10990,2015,30.56
BB-10990,2014,0
BB-11545,2017,660.69
BB-11545,2016,431.81
BB-11545,2015,-77.85
BC-11125,2017,58.8
BC-11125,2016,68.61
BC-11125,2015,92
BC-11125,2014,38.13
BD-11320,2017,201.69
BD-11320,2016,97.23
BD-11320,2015,828.63
BD-11500,2017,732.45
BD-11500,2015,70.98
BD-11500,2014,309.08
BD-11560,2017,80.24
BD-11560,2015,36.47
BD-11605,2017,87.99
BD-11605,2016,124.5
BD-11605,2015,79.41
BD-11605,2014,342.92
BD-11620,2017,78.1
BD-11620,2016,32.36
BD-11620,2014,108.74
BD-11635,2017,27.69
BD-11635,2015,180.69
BD-11635,2014,11.49
BD-11725,2017,166.98
BD-11725,2016,18
BD-11725,2015,149.49
BD-11770,2017,30.58
BD-11770,2016,110.7
BE-11335,2017,1455.01
BE-11335,2016,47.24
BE-11410,2017,178.71
BE-11410,2016,577.2
BE-11455,2017,-52.07
BE-11455,2016,82.69
BE-11455,2015,120.21
BF-10975,2017,6.97
BF-10975,2016,157.38
BF-10975,2015,0.96
BF-10975,2014,91.35
BF-11005,2017,71.98
BF-11005,2016,-365.72
BF-11005,2014,2.37
BF-11020,2017,14.6
BF-11020,2016,20.32
BF-11020,2015,269.31
BF-11020,2014,7.21
BF-11080,2017,107.03
BF-11080,2014,3.96
BF-11170,2017,437.78
BF-11170,2016,697.47
BF-11170,2015,137.03
BF-11170,2014,717.54
BF-11215,2017,377.63
BF-11215,2016,173.24
BF-11215,2014,42.96
BF-11275,2017,38
BF-11275,2014,-12.13
BG-11035,2017,221.68
BG-11035,2016,12.24
BG-11035,2015,-998.91
BG-11035,2014,54.19
BG-11695,2017,11.66
BG-11695,2016,57.92
BG-11695,2015,28.31
BG-11695,2014,9.7
BG-11740,2017,47.04
BG-11740,2016,59.29
BG-11740,2015,15.07
BG-11740,2014,3.22
BH-11710,2017,119.51
BH-11710,2016,428.93
BH-11710,2015,7.57
BH-11710,2014,235.35
BK-11260,2017,21.45
BK-11260,2016,2.23
BK-11260,2015,42.04
BK-11260,2014,-129.02
BM-11140,2017,99.9
BM-11140,2016,118.92
BM-11140,2014,-1878.79
BM-11575,2017,-47.31
BM-11575,2016,109.44
BM-11575,2015,37.33
BM-11650,2017,2633.99
BM-11650,2016,-2.03
BM-11650,2015,293.07
BM-11650,2014,81.65
BM-11785,2017,6.92
BM-11785,2016,56.37
BM-11785,2015,-39.67
BM-11785,2014,114.1
BN-11470,2017,7.84
BN-11470,2015,4.09
BN-11470,2014,24.68
BN-11515,2017,42.57
BN-11515,2016,112.78
BN-11515,2014,185.37
BO-11350,2017,-79.6
BO-11350,2016,358.03
BO-11425,2017,57.38
BO-11425,2015,2.07
BP-11050,2017,24.18
BP-11050,2016,182.98
BP-11050,2014,2.5
BP-11095,2017,216.69
BP-11095,2016,19.68
BP-11095,2015,53.56
BP-11095,2014,131.7
BP-11155,2017,26.24
BP-11155,2016,188.78
BP-11155,2015,431.98
BP-11185,2017,330.74
BP-11185,2016,-114.07
BP-11185,2015,66.76
BP-11230,2017,20.58
BP-11230,2016,10.21
BP-11230,2015,-511.48
BP-11230,2014,27.56
BP-11290,2017,-411.74
BP-11290,2016,-65.75
BP-11290,2014,-70.1
BS-11365,2016,2429.71
BS-11365,2014,210.7
BS-11380,2017,-228.1
BS-11380,2015,206.62
BS-11380,2014,3.94
BS-11590,2017,168.47
BS-11590,2016,12.36
BS-11590,2015,103.1
BS-11590,2014,97.46
BS-11665,2016,62.26
BS-11665,2015,175.39
BS-11665,2014,1.08
BS-11755,2017,115.84
BS-11755,2016,82.95
BS-11755,2015,18.45
BS-11755,2014,-330.55
BS-11800,2017,116.94
BS-11800,2015,77.11
BT-11305,2017,39.23
BT-11305,2015,87.46
BT-11305,2014,290.89
BT-11395,2017,-14.99
BT-11395,2016,3.35
BT-11395,2015,194.73
BT-11395,2014,74.81
BT-11440,2016,-71.9
BT-11440,2014,-5.37
BT-11485,2016,9.48
BT-11485,2015,117.39
BT-11530,2017,456.82
BT-11530,2016,-4.38
BT-11530,2014,66.77
BT-11680,2017,35.43
BT-11680,2016,176.51
BT-11680,2015,435.64
BT-11680,2014,-199.77
BV-11245,2017,105.94
BV-11245,2016,127.01
BV-11245,2015,82.27
BW-11065,2017,-77.13
BW-11065,2015,24.22
BW-11065,2014,6.73
BW-11110,2017,720.83
BW-11110,2016,126.59
BW-11110,2015,103.49
BW-11200,2017,-14.11
BW-11200,2016,173.66
BW-11200,2014,87.45
CA-11965,2017,16.48
CA-11965,2016,899.98
CA-11965,2015,182.16
CA-11965,2014,44.77
CA-12055,2016,259.37
CA-12055,2015,-47.73
CA-12265,2017,124.35
CA-12265,2016,24.6
CA-12265,2015,118.66
CA-12265,2014,16.97
CA-12310,2017,143.36
CA-12310,2016,2.1
CA-12310,2014,101.4
CA-12775,2017,191.87
CA-12775,2016,1.67
CA-12775,2015,-101.6
CA-12775,2014,111.79
CB-12025,2017,-666.45
CB-12025,2016,161.25
CB-12025,2015,223.45
CB-12025,2014,5.27
CB-12415,2017,74.23
CB-12415,2016,201.66
CB-12415,2015,-3.49
CB-12535,2017,454
CB-12535,2016,458.64
CB-12535,2015,249.13
CC-12100,2016,-24.7
CC-12100,2015,77.45
CC-12100,2014,142.85
CC-12145,2017,8.33
CC-12145,2016,7.86
CC-12145,2015,297.36
CC-12145,2014,78.74
CC-12220,2017,393.6
CC-12220,2016,-33.06
CC-12220,2015,21.01
CC-12220,2014,12.4
CC-12370,2017,170.73
CC-12370,2016,2083.34
CC-12430,2017,175.97
CC-12430,2016,386.79
CC-12430,2015,60.39
CC-12475,2017,40.35
CC-12475,2016,111.12
CC-12475,2014,3.38
CC-12550,2017,34.3
CC-12610,2017,33.78
CC-12610,2016,-202.27
CC-12610,2015,18.31
CC-12610,2014,481.45
CC-12670,2017,114.35
CC-12670,2016,53.66
CC-12670,2015,8.57
CC-12670,2014,10.3
CC-12685,2015,895.35
CC-12685,2014,-45.32
CD-11920,2017,349.82
CD-11920,2016,46.94
CD-11920,2015,17.75
CD-11920,2014,11.7
CD-11980,2017,-534.7
CD-11980,2016,7.75
CD-12280,2017,287.81
CD-12790,2016,346.71
CD-12790,2015,2.53
CD-12790,2014,40.21
CG-12040,2017,21.87
CG-12040,2016,58.68
CG-12040,2015,5.76
CG-12520,2017,1.82
CG-12520,2016,261.49
CG-12520,2015,-93.38
CH-12070,2016,126.9
CH-12070,2015,57.39
CJ-11875,2016,1.65
CJ-12010,2017,-524.22
CJ-12010,2016,1382.97
CK-12205,2017,223.08
CK-12205,2016,-128.01
CK-12205,2015,5.53
CK-12205,2014,82.99
CK-12325,2017,-124.27
CK-12325,2016,59.08
CK-12325,2014,326.42
CK-12595,2017,211.09
CK-12595,2016,315.73
CK-12595,2015,-0.7
CK-12595,2014,1.23
CK-12760,2017,-521.39
CK-12760,2016,101.86
CK-12760,2015,14.5
CK-12760,2014,66.59
CL-11890,2017,353.07
CL-11890,2016,4.35
CL-11890,2014,-29.34
CL-12565,2017,529.6
CL-12565,2016,713.45
CL-12565,2015,490.36
CL-12565,2014,199.77
CL-12700,2017,164.91
CL-12700,2016,64.09
CM-11815,2017,185.93
CM-11815,2016,3.69
CM-11815,2014,25.23
CM-11935,2016,-124.57
CM-11935,2015,13.17
CM-12115,2017,400.47
CM-12115,2015,8.11
CM-12160,2017,-78.62
CM-12160,2016,-315.75
CM-12190,2017,82.11
CM-12190,2015,16.89
CM-12235,2016,365.03
CM-12385,2017,702.26
CM-12385,2015,3209.77
CM-12445,2016,53.19
CM-12445,2014,10.78
CM-12655,2017,855.93
CM-12655,2016,599.89
CM-12655,2015,116.62
CM-12715,2015,-29.9
CM-12715,2014,206.22
CP-12085,2017,230.57
CP-12085,2016,31.54
CP-12085,2015,102.44
CP-12085,2014,62.39
CP-12340,2017,-17.02
CP-12340,2016,242.84
CP-12340,2015,-1044.46
CP-12340,2014,-1031.67
CR-12580,2017,108.8
CR-12580,2016,-34.4
CR-12625,2016,60.9
CR-12625,2014,114.4
CR-12730,2017,253.37
CR-12730,2016,59.57
CR-12730,2014,-6.02
CR-12820,2017,88.81
CR-12820,2015,2.13
CS-11845,2017,205.18
CS-11845,2015,-5.73
CS-11845,2014,-13.9
CS-11860,2017,14.92
CS-11860,2015,-2.84
CS-11860,2014,93.74
CS-11950,2017,76.2
CS-11950,2016,-131.2
CS-11950,2015,16.46
CS-11950,2014,-82.79
CS-12130,2016,13.75
CS-12130,2015,45.72
CS-12130,2014,94.2
CS-12175,2017,-3.31
CS-12175,2016,18.35
CS-12175,2014,98.11
CS-12250,2017,174.26
CS-12250,2016,22.14
CS-12250,2015,95.26
CS-12250,2014,446.75
CS-12355,2017,456.48
CS-12355,2016,10.32
CS-12355,2015,536.85
CS-12355,2014,77.03
CS-12400,2017,-392.68
CS-12400,2016,-238.17
CS-12400,2015,75.7
CS-12400,2014,80.63
CS-12460,2017,156.27
CS-12490,2016,-237.75
CS-12490,2015,-58.13
CS-12505,2017,43.71
CS-12505,2016,-6696.29
CS-12505,2015,17.34
CS-12505,2014,9
CT-11995,2017,159.26
CT-11995,2016,-303.26
CT-11995,2015,19.45
CT-11995,2014,363.12
CV-12295,2017,340.37
CV-12295,2016,51.98
CV-12295,2014,163.49
CV-12805,2017,134.09
CV-12805,2016,-35.39
CW-11905,2017,309.8
CW-11905,2016,22.76
CW-11905,2015,21.11
CW-11905,2014,17.16
CY-12745,2017,240.54
CY-12745,2016,49.73
CY-12745,2015,107
CY-12745,2014,-336.63
Co-12640,2016,19.19
Co-12640,2015,44.03
Co-12640,2014,122.91
DA-13450,2017,35.07
DA-13450,2014,21.72
DB-12910,2017,280.92
DB-12910,2016,146.83
DB-12910,2014,3.63
DB-12970,2017,64.81
DB-12970,2016,84.3
DB-12970,2015,45.65
DB-12970,2014,38.65
DB-13060,2017,-258.31
DB-13060,2016,294.18
DB-13060,2014,409.76
DB-13120,2017,-1136.72
DB-13120,2015,-285.06
DB-13210,2017,277.97
DB-13210,2016,-85.81
DB-13210,2015,-41.79
DB-13270,2017,-15.55
DB-13270,2016,834.47
DB-13270,2015,1.72
DB-13270,2014,45.1
DB-13360,2017,113.54
DB-13360,2016,81.97
DB-13360,2015,15.61
DB-13360,2014,159.78
DB-13405,2017,172.59
DB-13405,2015,266.33
DB-13555,2017,101.28
DB-13555,2014,8.35
DB-13615,2017,60.5
DB-13615,2016,22.73
DB-13615,2015,342.08
DB-13615,2014,13.49
DB-13660,2017,199.44
DB-13660,2016,-35.22
DB-13660,2015,-17.29
DB-13660,2014,31.01
DC-12850,2017,-1128.75
DC-12850,2016,-239.55
DC-12850,2015,4.89
DC-12850,2014,-77.87
DC-13285,2017,11.06
DC-13285,2016,10.46
DC-13285,2015,55.75
DC-13285,2014,54.8
DD-13570,2017,51.97
DD-13570,2016,-6.9
DD-13570,2014,-8.63
DE-13255,2016,21.59
DE-13255,2015,438.48
DE-13255,2014,9.85
DF-13135,2016,-397.13
DF-13135,2015,99.94
DF-13135,2014,37.88
DG-13300,2017,530.95
DG-13300,2016,9.33
DG-13300,2015,0.42
DG-13300,2014,22.07
DH-13075,2017,106.98
DH-13075,2016,-19.6
DH-13075,2015,837.23
DH-13075,2014,323.13
DH-13675,2015,28.89
DH-13675,2014,87.79
DJ-13420,2016,378.27
DJ-13420,2015,64.99
DJ-13420,2014,39.77
DJ-13510,2017,57.32
DJ-13510,2016,100.2
DJ-13510,2014,187.74
DJ-13630,2017,669.79
DJ-13630,2016,25.78
DJ-13630,2015,36
DK-12835,2017,349.28
DK-12835,2016,185.34
DK-12835,2015,369.26
DK-12835,2014,-22.36
DK-12895,2017,316.38
DK-12895,2015,609.59
DK-12985,2017,-22.94
DK-12985,2015,-76.43
DK-12985,2014,-8.08
DK-13090,2017,400.99
DK-13090,2016,-38.31
DK-13090,2015,173.71
DK-13150,2017,308.92
DK-13150,2014,78.5
DK-13225,2017,316.47
DK-13225,2016,227.45
DK-13225,2015,-339.65
DK-13225,2014,6
DK-13375,2017,2.65
DK-13375,2016,360.97
DK-13375,2015,-95.8
DK-13375,2014,109.61
DL-12865,2017,-6.9
DL-12865,2016,311.98
DL-12865,2015,9.04
DL-12865,2014,11.77
DL-12925,2017,24.87
DL-12925,2015,304.39
DL-12925,2014,-324.87
DL-13315,2017,94.23
DL-13315,2016,233.25
DL-13315,2014,-11.89
DL-13330,2017,17.38
DL-13330,2016,5.22
DL-13330,2015,197.98
DL-13330,2014,2.1
DL-13495,2017,-200.58
DL-13495,2016,97.84
DL-13495,2015,50.35
DM-12955,2017,7.14
DM-12955,2016,0.26
DM-12955,2015,42.96
DM-12955,2014,57.14
DM-13015,2017,110.53
DM-13015,2016,-35.45
DM-13015,2015,6.6
DM-13015,2014,1600.06
DM-13345,2017,1414.86
DM-13345,2016,-61.9
DM-13345,2015,2.84
DM-13345,2014,3.71
DM-13525,2016,18.17
DM-13525,2015,167.54
DM-13525,2014,14.49
DN-13690,2017,138.42
DN-13690,2016,222.39
DN-13690,2014,179.72
DO-13435,2017,83.17
DO-13435,2016,8.5
DO-13435,2015,-136.09
DO-13435,2014,6.09
DO-13645,2017,267.02
DO-13645,2015,26.82
DP-13000,2017,-48.17
DP-13000,2016,4.88
DP-13000,2015,260.74
DP-13000,2014,24.24
DP-13105,2017,60.54
DP-13105,2016,486.12
DP-13105,2015,16.29
DP-13165,2015,1
DP-13165,2014,-41.94
DP-13390,2017,17.25
DP-13390,2016,1694.64
DP-13390,2015,-223.85
DP-13390,2014,83.79
DR-12880,2017,1086.84
DR-12880,2016,126.06
DR-12880,2015,428.64
DR-12940,2017,211.97
DR-12940,2016,2337.76
DR-12940,2015,296.67
DR-12940,2014,22.68
DS-13030,2017,169.51
DS-13030,2014,29.47
DS-13180,2017,-29.56
DS-13180,2016,-55.95
DS-13180,2015,182.58
DS-13180,2014,57.59
DV-13045,2017,-445.11
DV-13045,2016,17.48
DV-13465,2017,211.91
DV-13465,2016,89.95
DV-13465,2015,101.77
DV-13465,2014,9.72
DW-13195,2017,-108.28
DW-13195,2016,-34.16
DW-13195,2014,55.47
DW-13480,2017,162.99
DW-13480,2016,31.09
DW-13480,2014,1154.67
DW-13540,2017,53.65
DW-13540,2016,16.01
DW-13585,2017,34.47
DW-13585,2016,92.61
DW-13585,2015,-371.25
DW-13585,2014,6.63
Dl-13600,2017,-0.33
Dl-13600,2016,146.39
Dl-13600,2014,29.17
Dp-13240,2017,-1020.76
Dp-13240,2016,117.74
Dp-13240,2015,1145.83
Dp-13240,2014,100.92
EA-14035,2017,21.83
EA-14035,2016,-342.69
EA-14035,2015,321.74
EA-14035,2014,-53.43
EB-13705,2017,10.6
EB-13705,2016,82.42
EB-13705,2015,83.62
EB-13705,2014,-127.42
EB-13750,2017,-382.17
EB-13750,2016,139.81
EB-13750,2015,177.41
EB-13840,2017,81.7
EB-13840,2016,0
EB-13840,2015,610.86
EB-13840,2014,-36.36
EB-13870,2017,-80.44
EB-13870,2016,84.07
EB-13870,2015,242.3
EB-13870,2014,7.02
EB-13930,2017,-75.19
EB-13930,2016,74.27
EB-13930,2014,1.35
EB-13975,2017,17.46
EB-13975,2016,151.89
EB-14110,2017,-94.8
EB-14110,2016,187.62
EB-14110,2015,44.54
EB-14170,2017,3.52
EB-14170,2016,4.44
EB-14170,2015,119.43
EB-14170,2014,155.02
EC-14050,2017,57.37
EC-14050,2016,43.09
EC-14050,2014,-4.02
ED-13885,2017,-107.98
ED-13885,2016,185.14
ED-13885,2015,574.81
ED-13885,2014,18.48
EG-13900,2017,2.59
EG-13900,2016,46.31
EG-13900,2015,55
EH-13765,2017,405.82
EH-13765,2016,758.8
EH-13765,2015,224.83
EH-13765,2014,4.05
EH-13945,2017,43.47
EH-13945,2016,-13.38
EH-13945,2015,10.62
EH-13945,2014,22.15
EH-13990,2016,67.9
EH-13990,2015,28.38
EH-13990,2014,54.09
EH-14005,2017,144.29
EH-14005,2016,19.9
EH-14005,2014,-248.96
EH-14125,2017,485.06
EH-14125,2016,-75.1
EH-14125,2015,-117.87
EH-14125,2014,20.1
EH-14185,2017,6.42
EH-14185,2016,209.28
EH-14185,2014,26.42
EJ-13720,2017,423.72
EJ-13720,2015,15.86
EJ-13720,2014,-7403.61
EJ-14155,2017,140.02
EJ-14155,2016,335.35
EJ-14155,2014,-23.49
EK-13795,2017,6.07
EK-13795,2015,20.54
EK-13795,2014,70.49
EL-13735,2017,18.45
EL-13735,2016,8.66
EM-13810,2017,10.48
EM-13810,2016,57.59
EM-13810,2015,-202.06
EM-13825,2017,444.41
EM-13825,2016,-8.32
EM-13825,2015,238.47
EM-13825,2014,15.15
EM-13960,2017,50.37
EM-13960,2015,51.93
EM-14065,2017,-14.44
EM-14065,2016,-4.79
EM-14065,2014,59.26
EM-14095,2017,16.93
EM-14095,2016,30.63
EM-14095,2015,192.67
EM-14140,2017,76.76
EM-14140,2016,968.57
EM-14140,2015,271.41
EM-14140,2014,2.21
EM-14200,2017,17.83
EM-14200,2015,4
EN-13780,2017,6.55
EN-13780,2016,438.4
EN-13780,2015,53.67
EP-13915,2017,56.88
EP-13915,2016,-393.67
EP-13915,2015,361.2
EP-13915,2014,175
ER-13855,2016,-299.9
ER-13855,2015,4.57
ES-14020,2017,871.82
ES-14020,2016,71.99
ES-14020,2015,88.1
ES-14020,2014,15.22
ES-14080,2017,214.09
ES-14080,2016,-99.22
ES-14080,2015,-27.16
ES-14080,2014,134.03
FA-14230,2017,252.38
FA-14230,2016,39.81
FA-14230,2015,255.56
FA-14230,2014,3.58
FC-14245,2017,210.77
FC-14245,2016,972.25
FC-14245,2015,35.53
FC-14335,2017,502.97
FC-14335,2016,86.15
FC-14335,2015,12.6
FC-14335,2014,112.57
FG-14260,2017,80.43
FG-14260,2014,323.52
FH-14275,2017,25388.86
FH-14275,2016,166.29
FH-14275,2014,297.17
FH-14350,2017,361.88
FH-14350,2015,367.23
FH-14365,2017,76.82
FH-14365,2016,13.82
FH-14365,2015,2139.74
FH-14365,2014,-172.46
FM-14215,2017,-24.75
FM-14215,2016,45.93
FM-14215,2014,228.77
FM-14290,2017,542.4
FM-14290,2016,-354.29
FM-14290,2015,1.03
FM-14290,2014,22.98
FM-14380,2017,38.7
FM-14380,2016,134.91
FM-14380,2015,17.48
FO-14305,2017,-70.98
FO-14305,2016,22.56
FO-14305,2015,11.26
FO-14305,2014,245.02
FP-14320,2017,49.32
FP-14320,2016,359.7
FP-14320,2015,-140.57
FP-14320,2014,138.01
FW-14395,2017,5.81
FW-14395,2016,12.21
FW-14395,2015,5.48
GA-14515,2017,139.07
GA-14515,2016,53.56
GA-14515,2015,694.45
GA-14515,2014,22.41
GA-14725,2017,23.5
GA-14725,2015,11.54
GA-14725,2014,140.84
GB-14530,2017,44.29
GB-14530,2016,-77.54
GB-14530,2015,74.29
GB-14530,2014,-33.19
GB-14575,2017,295.02
GB-14575,2016,73.22
GB-14575,2015,767.6
GD-14590,2017,364.23
GD-14590,2016,-155.3
GD-14590,2014,21.66
GG-14650,2017,-10.07
GG-14650,2016,15.93
GG-14650,2015,-115.72
GG-14650,2014,152.98
GH-14410,2017,-976.23
GH-14410,2016,-173.08
GH-14410,2015,38.97
GH-14410,2014,53.34
GH-14425,2017,43.6
GH-14425,2015,59.65
GH-14425,2014,1073.14
GH-14485,2016,-24.49
GH-14485,2015,-71
GH-14665,2017,-8.88
GH-14665,2015,3.07
GK-14620,2017,3.45
GK-14620,2016,1573.16
GK-14620,2015,86.65
GK-14620,2014,42.92
GM-14440,2017,36.31
GM-14440,2016,108.18
GM-14440,2014,209.37
GM-14455,2017,374.61
GM-14455,2016,102.52
GM-14455,2014,316.15
GM-14500,2017,61.6
GM-14500,2016,17.57
GM-14500,2015,359.46
GM-14500,2014,2.69
GM-14680,2017,-57.12
GM-14680,2016,-121.94
GM-14680,2014,214.53
GM-14695,2017,-99.18
GM-14695,2016,175.36
GM-14695,2014,112.28
GP-14740,2015,67.77
GP-14740,2014,-35.93
GR-14560,2014,359.88
GT-14635,2017,-3825.34
GT-14635,2015,8.87
GT-14635,2014,-292.19
GT-14710,2017,83.62
GT-14710,2016,380.43
GT-14710,2015,974.31
GT-14710,2014,688.55
GT-14755,2017,-39.64
GT-14755,2016,6.3
GT-14755,2015,27.2
GW-14605,2017,-451.09
GW-14605,2016,51.56
GW-14605,2015,134.33
GW-14605,2014,3.63
GZ-14470,2017,259.1
GZ-14470,2016,652.31
GZ-14470,2015,126.31
GZ-14470,2014,50.43
GZ-14545,2017,816.17
GZ-14545,2014,12
HA-14905,2017,-79
HA-14905,2016,129.77
HA-14905,2015,111.28
HA-14905,2014,108.8
HA-14920,2017,12.71
HA-14920,2016,-55.04
HA-14920,2015,197.83
HA-14920,2014,-57.04
HD-14785,2015,30.99
HD-14785,2014,-340.32
HE-14800,2017,161.26
HE-14800,2016,112.71
HF-14995,2017,20.49
HF-14995,2016,-167.31
HF-14995,2014,132.47
HG-14845,2017,230.19
HG-14845,2015,-2.01
HG-14845,2014,21.6
HG-14965,2017,-2971.38
HG-14965,2016,136.13
HG-14965,2015,34.84
HG-14965,2014,2.45
HG-15025,2017,82.02
HG-15025,2016,71.11
HG-15025,2015,55.9
HG-15025,2014,616.46
HH-15010,2017,26.46
HH-15010,2014,60.27
HJ-14875,2017,13.97
HJ-14875,2016,55.99
HJ-14875,2015,28.71
HK-14890,2017,399
HK-14890,2016,17.02
HK-14890,2015,300.07
HK-14890,2014,240.86
HL-15040,2017,5045.86
HL-15040,2016,128.54
HL-15040,2014,448.03
HM-14860,2017,-16.56
HM-14860,2016,82.75
HM-14860,2015,2451.01
HM-14860,2014,-79.13
HM-14980,2017,41.23
HM-14980,2016,3.46
HM-14980,2015,73.82
HP-14815,2017,293.88
HP-14815,2015,-21.7
HP-14815,2014,101.69
HR-14770,2017,135.68
HR-14770,2015,48.12
HR-14770,2014,1.6
HR-14830,2017,1000.69
HR-14830,2015,116.94
HR-14830,2014,79.74
HW-14935,2017,2318.88
HW-14935,2016,299.76
HW-14935,2015,17.2
HZ-14950,2017,-136.68
HZ-14950,2016,6.29
IG-15085,2017,92.92
IG-15085,2016,54.86
IG-15085,2015,144.35
IG-15085,2014,28.35
IL-15100,2017,438.68
IL-15100,2016,19.56
IL-15100,2015,656.68
IL-15100,2014,6.91
IM-15055,2016,956.54
IM-15055,2014,19.24
IM-15070,2016,329.3
IM-15070,2015,-16.01
IM-15070,2014,240.6
JA-15970,2017,-1031
JA-15970,2016,114.19
JA-15970,2014,96.93
JB-15400,2017,251.19
JB-15400,2016,-98.62
JB-15400,2015,128.05
JB-15400,2014,-124.57
JB-15925,2015,-743.55
JB-15925,2014,72.58
JB-16000,2017,193.01
JB-16000,2016,15.97
JB-16045,2017,19.78
JB-16045,2016,84.97
JB-16045,2015,106.54
JC-15340,2017,2.4
JC-15340,2016,-4.08
JC-15340,2014,1.33
JC-15385,2017,502.93
JC-15775,2017,117.31
JC-15775,2016,70.55
JC-15775,2015,27.63
JC-15775,2014,64.08
JC-16105,2017,62.3
JC-16105,2015,62.81
JC-16105,2014,94.76
JD-15790,2017,10.28
JD-15790,2016,36.47
JD-15790,2015,-313.52
JD-15895,2016,1190.17
JD-15895,2015,113.76
JD-15895,2014,-194.2
JD-16015,2017,37.07
JD-16015,2014,-10.34
JD-16060,2017,131.89
JD-16060,2015,-29.25
JD-16060,2014,8.48
JD-16150,2017,1116.33
JD-16150,2016,272.2
JD-16150,2015,398.64
JD-16150,2014,17.56
JE-15475,2017,33.59
JE-15475,2016,332.4
JE-15475,2015,57.22
JE-15610,2017,1703.57
JE-15610,2016,22.24
JE-15610,2015,-129.89
JE-15610,2014,27.19
JE-15715,2017,60.42
JE-15715,2016,1514.66
JE-15715,2015,50.83
JE-15715,2014,-59.8
JE-15745,2017,560.58
JE-15745,2016,126.62
JE-15745,2015,-507.06
JE-15745,2014,42.1
JE-16165,2017,13.67
JE-16165,2016,776.35
JF-15190,2017,347.08
JF-15190,2016,173.31
JF-15190,2015,17.99
JF-15190,2014,37.4
JF-15295,2017,59.94
JF-15295,2016,-9.88
JF-15295,2014,47.35
JF-15355,2017,136.31
JF-15355,2016,40.75
JF-15355,2015,161.11
JF-15415,2017,550.86
JF-15415,2015,56.64
JF-15415,2014,28.14
JF-15490,2017,36.98
JF-15490,2016,13.11
JF-15490,2015,-103.54
JF-15490,2014,35.4
JF-15565,2017,-1.49
JF-15565,2016,849.66
JF-15565,2015,147.35
JF-15565,2014,78.55
JG-15115,2015,-50.17
JG-15115,2014,734.7
JG-15160,2017,69.85
JG-15160,2016,230.36
JG-15160,2015,1293.73
JG-15160,2014,378.39
JG-15310,2017,26.52
JG-15310,2016,-22.93
JG-15805,2017,78.02
JG-15805,2016,91.13
JG-15805,2015,8.69
JG-15805,2014,39
JH-15430,2017,-42.85
JH-15430,2014,18.79
JH-15820,2017,-19.94
JH-15820,2015,19.6
JH-15820,2014,26.41
JH-15910,2017,-125.37
JH-15910,2016,77.6
JH-15910,2015,48.66
JH-15985,2017,68.87
JH-15985,2016,72.03
JH-15985,2015,-1429.38
JH-15985,2014,644
JH-16180,2016,-203.37
JH-16180,2015,106.41
JJ-15445,2016,18.71
JJ-15445,2015,181.85
JJ-15760,2015,34.46
JK-15205,2017,557.69
JK-15205,2016,1.03
JK-15205,2015,615.03
JK-15205,2014,47.81
JK-15325,2017,26.35
JK-15325,2016,11.68
JK-15325,2014,17.55
JK-15370,2017,79.47
JK-15370,2016,147.19
JK-15370,2015,37.34
JK-15370,2014,129.54
JK-15625,2017,8.86
JK-15625,2015,809.32
JK-15625,2014,303.87
JK-15640,2017,1934.25
JK-15640,2015,181.04
JK-15640,2014,10.19
JK-15730,2017,30.95
JK-15730,2016,287.56
JK-15730,2015,42.08
JK-15730,2014,-212.61
JK-16090,2017,1101.76
JK-16090,2015,228.9
JK-16120,2017,-273.77
JK-16120,2016,108.52
JK-16120,2015,47.93
JK-16120,2014,239.98
JL-15130,2017,-218.58
JL-15130,2016,1.39
JL-15130,2014,9.87
JL-15175,2017,110.48
JL-15175,2016,-2
JL-15175,2015,41.14
JL-15175,2014,59.49
JL-15235,2017,88.19
JL-15235,2016,103.36
JL-15235,2015,53.47
JL-15235,2014,-190.51
JL-15505,2017,556.09
JL-15505,2016,21.75
JL-15505,2014,41.27
JL-15835,2017,837.22
JL-15835,2016,2.8
JL-15835,2015,252.42
JL-15835,2014,-863.93
JL-15850,2016,-37.95
JL-15850,2015,816.51
JL-15850,2014,1.33
JM-15250,2017,-135.65
JM-15250,2016,279.43
JM-15265,2017,149.28
JM-15265,2016,306.55
JM-15265,2015,-11.9
JM-15265,2014,59.06
JM-15535,2017,21.57
JM-15535,2016,232.13
JM-15535,2015,46.85
JM-15535,2014,58.99
JM-15580,2017,-0.6
JM-15580,2016,113.72
JM-15655,2017,43.58
JM-15655,2016,65.9
JM-15655,2014,7.72
JM-15865,2017,24.63
JM-15865,2016,-49.62
JM-15865,2015,371.88
JM-15865,2014,1228.18
JM-16195,2017,254.88
JM-16195,2016,23.86
JM-16195,2015,230.33
JM-16195,2014,273.4
JO-15145,2017,40.4
JO-15145,2016,440.01
JO-15145,2014,101.03
JO-15280,2017,-54.88
JO-15280,2016,61.43
JO-15280,2015,355.94
JO-15280,2014,0.97
JO-15550,2017,13.22
JO-15550,2015,153.91
JP-15460,2017,23.36
JP-15460,2016,307.33
JP-15460,2015,100.93
JP-15460,2014,10.81
JP-15520,2017,422.26
JP-15520,2016,130.51
JP-15520,2015,5.01
JP-15520,2014,199.41
JP-16135,2017,19.51
JP-16135,2016,306.98
JP-16135,2015,7.43
JP-16135,2014,13.84
JR-15670,2016,0
JR-15670,2015,-785.16
JR-15700,2017,107.98
JR-16210,2017,317.15
JR-16210,2016,44.21
JR-16210,2015,152.39
JS-15595,2017,-53.72
JS-15595,2016,78.4
JS-15595,2015,4.53
JS-15595,2014,-204.14
JS-15685,2017,45.12
JS-15685,2016,-99.99
JS-15880,2016,266.74
JS-15880,2015,392.89
JS-15880,2014,-94.66
JS-15940,2016,-18.74
JS-15940,2015,-312.06
JS-15940,2014,2.87
JS-16030,2017,-770.22
JS-16030,2016,451.91
JS-16030,2014,3.4
JW-15220,2017,1953.59
JW-15220,2016,131.25
JW-15220,2015,89.2
JW-15955,2017,259.16
JW-15955,2016,1.2
JW-15955,2015,-201.65
JW-16075,2016,20.38
JW-16075,2015,133.51
KA-16525,2017,39.94
KA-16525,2016,67.44
KA-16525,2015,77.97
KA-16525,2014,49.01
KB-16240,2017,1008.18
KB-16240,2016,-18.18
KB-16240,2015,19.85
KB-16240,2014,-1
KB-16315,2017,69.64
KB-16315,2016,27.52
KB-16315,2015,-18.21
KB-16315,2014,-29.74
KB-16405,2017,230.9
KB-16405,2015,42.96
KB-16585,2017,240.99
KB-16585,2016,96.32
KB-16585,2015,66.42
KB-16585,2014,181.51
KB-16600,2017,259.43
KB-16600,2016,14.62
KB-16600,2015,17
KB-16600,2014,2.85
KC-16255,2016,523.09
KC-16255,2015,279.99
KC-16255,2014,43.06
KC-16540,2017,24.48
KC-16540,2016,1271.68
KC-16540,2015,49.27
KC-16675,2017,156.37
KC-16675,2016,-4.96
KC-16675,2014,5.82
KD-16270,2016,2318.7
KD-16270,2015,129.49
KD-16270,2014,-1340.6
KD-16345,2017,20.36
KD-16345,2015,493.44
KD-16345,2014,64.7
KD-16495,2017,134.84
KD-16495,2016,48.32
KD-16495,2015,2811.87
KD-16495,2014,35.02
KD-16615,2017,198.92
KD-16615,2016,68.22
KD-16615,2015,272.58
KE-16420,2017,-18.38
KE-16420,2016,19
KE-16420,2015,235.64
KE-16420,2014,161.63
KF-16285,2017,1210.72
KF-16285,2016,371.05
KF-16285,2014,82.52
KH-16330,2017,150.47
KH-16330,2016,43.9
KH-16330,2014,261.33
KH-16360,2017,502.5
KH-16360,2016,57.83
KH-16360,2014,-32.05
KH-16510,2017,458.72
KH-16510,2015,227.57
KH-16510,2014,-2.74
KH-16630,2017,66.93
KH-16630,2016,30.61
KH-16630,2015,509.51
KH-16630,2014,128.43
KH-16690,2017,217.49
KH-16690,2016,7.18
KH-16690,2015,-36.13
KH-16690,2014,1038.59
KL-16555,2017,-163.66
KL-16555,2016,50.12
KL-16555,2014,9.61
KL-16645,2017,161.72
KL-16645,2016,-3.35
KL-16645,2015,252.53
KL-16645,2014,410.64
KM-16225,2017,128.93
KM-16225,2016,56.34
KM-16225,2015,450.16
KM-16375,2017,-140.7
KM-16375,2016,128.9
KM-16375,2015,29.31
KM-16375,2014,1698.49
KM-16660,2017,41.49
KM-16660,2016,14.97
KM-16660,2015,34.35
KM-16660,2014,3
KM-16720,2017,364.68
KM-16720,2016,54.92
KM-16720,2015,112.1
KM-16720,2014,213.7
KN-16390,2017,10.26
KN-16390,2015,-191.36
KN-16390,2014,29.95
KN-16450,2017,112.42
KN-16450,2015,-118.58
KN-16450,2014,119.98
KN-16705,2017,301.88
KN-16705,2016,25
KN-16705,2015,-183.11
KN-16705,2014,186
KS-16300,2017,-6.38
KS-16300,2015,6.49
KT-16465,2016,160.44
KT-16465,2015,28.81
KT-16465,2014,68.8
KT-16480,2017,34.32
KT-16480,2016,19.61
KT-16480,2015,36.7
KT-16480,2014,103.44
KW-16435,2017,123.13
KW-16435,2016,32.16
KW-16435,2015,1600.85
KW-16570,2015,97.14
KW-16570,2014,11.25
LA-16780,2017,16.07
LA-16780,2016,1526.65
LA-16780,2015,-0.12
LA-16780,2014,482.57
LB-16735,2017,7.91
LB-16735,2016,10.74
LB-16795,2017,627.99
LB-16795,2016,-658.62
LB-16795,2014,-21.36
LC-16870,2017,-0.56
LC-16870,2016,-291.75
LC-16870,2015,129.5
LC-16885,2017,-67.97
LC-16885,2016,151.34
LC-16885,2015,1007.75
LC-16885,2014,238.87
LC-16930,2017,12.04
LC-16930,2016,246.91
LC-16930,2014,29.34
LC-16960,2016,-5.46
LC-16960,2015,278.2
LC-17050,2017,-10.39
LC-17050,2016,225.26
LC-17050,2014,-128.09
LC-17140,2017,6.38
LC-17140,2016,229.24
LC-17140,2015,19.4
LC-17140,2014,-26.6
LD-16855,2016,0.46
LD-17005,2016,111.26
LD-17005,2014,445.51
LE-16810,2017,-10.24
LE-16810,2016,179.75
LE-16810,2015,5.08
LE-16810,2014,-12.83
LF-17185,2017,71.54
LF-17185,2016,0.72
LF-17185,2015,210.14
LF-17185,2014,-3802.08
LH-16750,2017,17.67
LH-16750,2014,-5.04
LH-16900,2017,76.4
LH-16900,2016,56.7
LH-16900,2015,121.11
LH-16900,2014,282.09
LH-17020,2017,-152.87
LH-17020,2016,16.46
LH-17020,2015,-27
LH-17020,2014,-79.34
LH-17155,2016,239.1
LH-17155,2015,94.85
LH-17155,2014,14.09
LL-16840,2017,44.72
LL-16840,2015,404.91
LL-16840,2014,110.88
LM-17065,2016,21.54
LM-17065,2015,-142.52
LM-17065,2014,76.1
LO-17170,2017,115.71
LO-17170,2015,34.45
LP-17080,2017,87.89
LP-17080,2016,21.94
LP-17080,2014,0.96
LP-17095,2017,259.1
LP-17095,2016,79.36
LR-16915,2017,-272.58
LR-16915,2016,240.49
LR-16915,2015,30.79
LR-16915,2014,604.57
LR-17035,2017,99.27
LR-17035,2016,-387.68
LR-17035,2015,-142.91
LR-17035,2014,48.13
LS-16945,2017,-338.72
LS-16945,2016,21.74
LS-16945,2015,9.82
LS-16975,2017,236.89
LS-16975,2016,-6.22
LS-16975,2015,-108.2
LS-16975,2014,138.16
LS-17200,2017,57.82
LS-17200,2016,18.28
LS-17200,2014,167.72
LS-17230,2015,81.89
LS-17230,2014,9.33
LS-17245,2017,52.59
LS-17245,2016,60.37
LS-17245,2015,4.8
LS-17245,2014,230.21
LT-16765,2017,23.23
LT-16765,2015,20.16
LT-16765,2014,15.64
LT-17110,2017,-22.02
LT-17110,2016,52.91
LT-17110,2015,76.22
LT-17110,2014,238.4
LW-16825,2017,2.32
LW-16825,2016,-393.34
LW-16825,2014,423.61
LW-16990,2017,340.51
LW-16990,2016,322.32
LW-17125,2017,5.08
LW-17125,2016,165.8
LW-17125,2014,21.75
LW-17215,2017,67.07
LW-17215,2016,428.45
LW-17215,2014,420.59
MA-17560,2017,30.13
MA-17560,2016,28.38
MA-17560,2015,619.06
MA-17560,2014,562.98
MA-17995,2017,31.94
MA-17995,2016,191.39
MA-17995,2015,3.48
MA-17995,2014,53.7
MB-17305,2017,65.66
MB-17305,2016,83.51
MB-17305,2015,77.99
MB-17305,2014,-13.83
MB-18085,2017,67.85
MB-18085,2016,45.32
MB-18085,2014,4.88
MC-17275,2017,7.22
MC-17275,2016,20.91
MC-17275,2015,197.66
MC-17275,2014,235.23
MC-17425,2016,1610.2
MC-17425,2015,57.2
MC-17425,2014,135
MC-17575,2017,138.9
MC-17575,2016,15.59
MC-17575,2015,62.77
MC-17575,2014,-6.34
MC-17590,2017,47.18
MC-17590,2016,379.01
MC-17590,2014,-137.2
MC-17605,2017,121.69
MC-17605,2016,11.31
MC-17605,2015,13.08
MC-17605,2014,49.37
MC-17635,2017,-637.27
MC-17635,2016,27.42
MC-17635,2014,41.89
MC-17845,2017,242.12
MC-17845,2016,60.54
MC-17845,2014,548.26
MC-18100,2017,26.7
MC-18100,2016,0.93
MC-18100,2015,-89.89
MC-18100,2014,-18.73
MC-18130,2016,86.95
MC-18130,2015,9.81
MC-18130,2014,24.98
MD-17350,2017,-194.56
MD-17350,2016,-14.22
MD-17350,2015,51.66
MD-17350,2014,-84.11
MD-17860,2017,53.2
MD-17860,2014,-47.36
ME-17320,2017,74
ME-17320,2016,451.46
ME-17320,2015,-9.56
ME-17320,2014,1617.56
ME-17725,2017,23.16
ME-17725,2016,-1.62
ME-17725,2015,39.77
ME-17725,2014,16.28
ME-18010,2017,-6.4
ME-18010,2015,8.77
ME-18010,2014,104.98
MF-17665,2016,118.46
MF-17665,2014,-459.99
MF-18250,2017,287.24
MF-18250,2015,152.73
MF-18250,2014,16.89
MG-17650,2017,112.69
MG-17650,2016,204.84
MG-17650,2014,92.57
MG-17680,2017,14.18
MG-17680,2015,-1.2
MG-17680,2014,12.91
MG-17695,2016,16.7
MG-17695,2015,-392.86
MG-17695,2014,-22.64
MG-17875,2017,-29.44
MG-17875,2016,62.24
MG-17875,2015,-499.05
MG-17875,2014,-4.52
MG-17890,2017,37.99
MG-17890,2016,25.93
MG-17890,2015,112.32
MG-17890,2014,-4.8
MG-18145,2017,397.72
MG-18145,2015,-137.49
MG-18145,2014,-152.72
MG-18205,2017,-1.24
MH-17290,2017,-42.61
MH-17290,2016,57.2
MH-17290,2015,2.18
MH-17290,2014,12.21
MH-17440,2016,12.58
MH-17440,2014,48.85
MH-17455,2017,84.94
MH-17455,2016,375.67
MH-17455,2015,16.18
MH-17455,2014,31.58
MH-17620,2017,108.05
MH-17620,2016,-0.37
MH-17620,2015,14.67
MH-17785,2017,3.35
MH-17785,2016,7
MH-17785,2015,94.71
MH-17785,2014,133.96
MH-18025,2017,374.93
MH-18025,2015,147.55
MH-18025,2014,10.65
MH-18115,2017,498.79
MH-18115,2016,-216.22
MJ-17740,2017,403.72
MJ-17740,2016,728.75
MJ-17740,2015,-77.93
MK-17905,2017,7.01
MK-17905,2016,-456.26
MK-17905,2015,0.6
MK-17905,2014,43.22
MK-18160,2017,221.48
MK-18160,2016,41.08
MK-18160,2014,-22.69
ML-17395,2017,11.1
ML-17395,2016,192.19
ML-17395,2015,-4.94
ML-17395,2014,486.58
ML-17410,2017,-345.71
ML-17410,2016,15
ML-17410,2014,254.24
ML-17755,2017,346.16
ML-17755,2016,63.83
ML-18040,2017,138.72
ML-18265,2017,41.51
ML-18265,2015,1.16
MM-17260,2017,-39.46
MM-17260,2016,166.51
MM-17260,2014,51.36
MM-17920,2017,-48.12
MM-17920,2016,447.84
MM-17920,2015,-373.3
MM-17920,2014,55.03
MM-18055,2017,-403.77
MM-18055,2015,-247.37
MM-18055,2014,130.68
MM-18280,2017,33.04
MM-18280,2016,8.84
MM-18280,2015,68.2
MM-18280,2014,-51.52
MN-17935,2017,518.72
MN-17935,2016,5.52
MN-17935,2014,31.17
MO-17500,2017,-67.54
MO-17500,2016,120.86
MO-17500,2014,6.04
MO-17800,2017,191.45
MO-17800,2016,5.5
MO-17800,2015,-16.97
MO-17950,2017,-2.7
MO-17950,2015,-79.31
MP-17470,2016,8.94
MP-17470,2015,311.5
MP-17470,2014,279.86
MP-17965,2017,116.45
MP-17965,2016,265.54
MP-17965,2015,255.75
MP-18175,2017,119.69
MP-18175,2016,-295.64
MP-18175,2015,526.73
MP-18175,2014,-125.29
MR-17545,2017,153.34
MR-17545,2014,9.11
MS-17365,2017,40.74
MS-17365,2016,675.1
MS-17365,2015,145.5
MS-17365,2014,143.9
MS-17530,2016,36.04
MS-17530,2015,45.29
MS-17530,2014,2.69
MS-17710,2016,-93.1
MS-17710,2015,299.8
MS-17710,2014,40.73
MS-17770,2017,9.7
MS-17770,2016,164.04
MS-17770,2015,209.33
MS-17770,2014,-102.26
MS-17830,2016,-23.94
MS-17830,2015,32.45
MS-17830,2014,10.92
MS-17980,2017,-20.38
MS-17980,2015,99.75
MS-17980,2014,16.26
MT-17815,2017,74.97
MT-17815,2016,432.25
MT-17815,2015,1.78
MT-18070,2017,2.05
MT-18070,2016,70.49
MT-18070,2015,-6.29
MT-18070,2014,-89.7
MV-17485,2017,68.79
MV-17485,2016,106.42
MV-17485,2015,-1.28
MV-17485,2014,15.08
MV-18190,2017,21.47
MV-18190,2016,225.26
MV-18190,2015,15.36
MV-18190,2014,11.9
MW-18220,2017,8.49
MW-18220,2016,0.5
MW-18220,2015,24.5
MW-18220,2014,1194.41
MW-18235,2017,216
MW-18235,2014,1622.55
MY-17380,2017,283.44
MY-17380,2016,44.94
MY-17380,2015,2.65
MY-18295,2017,21.59
MY-18295,2016,-290.17
MY-18295,2014,-103.13
MZ-17335,2017,15.51
MZ-17335,2016,0.16
MZ-17335,2015,136.3
MZ-17515,2017,17.38
MZ-17515,2016,-25.24
MZ-17515,2015,8.21
MZ-17515,2014,786.8
NB-18580,2014,24.79
NB-18655,2017,61.16
NB-18655,2016,-157.96
NB-18655,2015,127.06
NB-18655,2014,87.38
NC-18340,2017,216.57
NC-18340,2016,26.29
NC-18340,2015,326.28
NC-18340,2014,11.15
NC-18415,2017,-2330.27
NC-18415,2016,93.87
NC-18415,2015,36.23
NC-18415,2014,10.04
NC-18535,2017,607.03
NC-18535,2016,16.79
NC-18535,2014,728.2
NC-18625,2017,48.78
NC-18625,2016,-461.2
NC-18625,2015,16.85
NC-18625,2014,36.66
ND-18370,2017,-84.03
ND-18370,2016,58.86
ND-18370,2015,330.8
ND-18370,2014,47.61
ND-18460,2017,379.25
ND-18460,2015,18.66
ND-18460,2014,45.43
NF-18385,2017,163.46
NF-18385,2016,-66.17
NF-18385,2015,-1303.77
NF-18385,2014,186.74
NF-18475,2016,-18.84
NF-18475,2015,72.89
NF-18475,2014,31.87
NF-18595,2017,87.86
NF-18595,2015,263.29
NF-18595,2014,69
NG-18355,2017,86.5
NG-18355,2015,8.05
NG-18355,2014,219.08
NG-18430,2017,28.27
NG-18430,2015,54
NG-18430,2014,134.82
NH-18610,2017,635.96
NH-18610,2016,5.18
NH-18610,2015,85.82
NH-18610,2014,33.2
NK-18490,2017,80.02
NK-18490,2016,39.41
NK-18490,2015,1.79
NL-18310,2017,282.27
NL-18310,2016,18.66
NL-18310,2015,34.59
NL-18310,2014,8.28
NM-18445,2017,4.35
NM-18445,2015,333.5
NM-18445,2014,2413.85
NM-18520,2017,2.82
NM-18520,2016,801.83
NM-18520,2015,-30.67
NP-18325,2017,41.82
NP-18325,2015,852.92
NP-18325,2014,314.39
NP-18670,2017,186.21
NP-18670,2016,246.1
NP-18670,2015,80.84
NP-18685,2016,31.42
NP-18685,2015,449.44
NP-18685,2014,33.64
NP-18700,2017,71.95
NP-18700,2016,272.92
NP-18700,2014,285.95
NR-18550,2017,45.49
NR-18550,2016,50.59
NR-18550,2014,-123.79
NS-18505,2017,28.63
NS-18505,2016,12.1
NS-18640,2017,-99.52
NS-18640,2016,-254.13
NS-18640,2015,151.68
NS-18640,2014,11.2
NW-18400,2017,11.82
NW-18400,2016,-255.45
NW-18400,2015,1654.06
NW-18400,2014,-382.35
NZ-18565,2017,102.32
NZ-18565,2016,-30.61
NZ-18565,2015,82.82
NZ-18565,2014,248.03
ON-18715,2016,-157.53
ON-18715,2015,-31.11
ON-18715,2014,183.11
OT-18730,2017,175.55
OT-18730,2016,-1182.11
OT-18730,2015,81
PA-19060,2017,35.89
PA-19060,2016,22.56
PA-19060,2015,121.57
PA-19060,2014,45.84
PB-18805,2017,125.36
PB-18805,2016,95.85
PB-18805,2015,7.56
PB-19105,2017,13.19
PB-19105,2016,0.9
PB-19105,2014,204.07
PB-19150,2017,71.93
PB-19150,2016,38.38
PB-19150,2015,157.66
PB-19150,2014,-4.7
PB-19210,2016,0.7
PB-19210,2014,21.2
PC-18745,2017,-0.99
PC-18745,2016,76.98
PC-18745,2014,196.69
PC-19000,2015,-172.51
PC-19000,2014,-11.83
PF-19120,2015,-656.7
PF-19120,2014,17.68
PF-19165,2017,97.23
PF-19165,2016,478.68
PF-19165,2015,75.23
PF-19165,2014,-407.68
PF-19225,2017,78.02
PF-19225,2016,513.27
PG-18820,2017,124.26
PG-18820,2016,612.67
PG-18820,2015,-564.68
PG-18820,2014,54.45
PG-18895,2017,238.26
PG-18895,2016,10.71
PG-18895,2015,206.1
PG-18895,2014,-70.73
PH-18790,2017,47.89
PJ-18835,2017,43.61
PJ-18835,2016,8.2
PJ-18835,2015,382.38
PJ-18835,2014,7.95
PJ-19015,2017,609.43
PJ-19015,2016,30.4
PJ-19015,2015,40.07
PJ-19015,2014,2.78
PK-18910,2016,-807.78
PK-18910,2014,9.07
PK-19075,2017,1617.17
PK-19075,2016,447.41
PK-19075,2014,13.32
PL-18925,2017,-18.95
PL-18925,2016,-13.65
PL-18925,2014,31.83
PM-18940,2016,158.53
PM-18940,2015,-21.71
PM-18940,2014,21.06
PM-19135,2017,69.6
PM-19135,2016,30.35
PM-19135,2015,426.81
PN-18775,2017,48.35
PN-18775,2016,137.23
PN-18775,2015,6.46
PO-18850,2017,276.9
PO-18850,2016,-316.63
PO-18850,2015,7.32
PO-18850,2014,56.31
PO-18865,2017,238.16
PO-18865,2016,128.98
PO-18865,2014,132.18
PO-19180,2017,153.55
PO-19180,2016,299.32
PO-19180,2015,823.24
PO-19195,2017,28.8
PO-19195,2015,-12.5
PO-19195,2014,-65.99
PP-18955,2017,247.93
PP-18955,2016,746.01
PP-18955,2015,67.56
PP-18955,2014,472.39
PR-18880,2017,5555.93
PR-18880,2015,38.27
PR-18880,2014,2
PS-18760,2017,-166.52
PS-18760,2016,156.6
PS-18760,2015,-113.1
PS-18760,2014,11.88
PS-18970,2017,44.94
PS-18970,2016,3.44
PS-18970,2015,26.93
PS-18970,2014,184.98
PS-19045,2017,1060.31
PS-19045,2016,6.32
PS-19045,2015,1493.94
PS-19045,2014,623.2
PT-19090,2017,5.5
PT-19090,2016,-17.52
PT-19090,2014,-8.03
PV-18985,2017,283.49
PV-18985,2016,155.32
PV-18985,2014,-4.56
PW-19030,2017,578.42
PW-19030,2016,492.26
PW-19030,2015,15.15
PW-19030,2014,17.47
PW-19240,2016,-0.59
PW-19240,2015,1348.4
PW-19240,2014,-86.27
QJ-19255,2017,-99.7
QJ-19255,2016,168.88
QJ-19255,2015,1014.47
QJ-19255,2014,120.04
RA-19285,2017,472.32
RA-19285,2016,-6.57
RA-19285,2015,234.81
RA-19285,2014,0
RA-19885,2017,510.77
RA-19885,2016,3.89
RA-19885,2015,1.67
RA-19885,2014,776.48
RA-19915,2017,29.55
RA-19915,2016,115.46
RA-19915,2015,-118.15
RA-19915,2014,526.43
RA-19945,2017,-105.5
RA-19945,2015,101
RA-19945,2014,-436.73
RB-19330,2017,-74.31
RB-19330,2014,-90.1
RB-19360,2017,6780.9
RB-19360,2016,195.46
RB-19435,2017,362.94
RB-19435,2015,49.57
RB-19435,2014,65.12
RB-19465,2017,179.78
RB-19465,2016,123.82
RB-19465,2014,336.96
RB-19570,2017,123.62
RB-19570,2016,-5.98
RB-19645,2016,19.33
RB-19645,2015,28.43
RB-19645,2014,24.92
RB-19705,2017,325.85
RB-19705,2015,-82.78
RB-19795,2017,-502.56
RB-19795,2016,51.79
RB-19795,2015,-18.46
RB-19795,2014,7.49
RC-19825,2016,56.69
RC-19825,2014,6.88
RC-19960,2017,6.04
RC-19960,2016,119.64
RC-19960,2014,-98.43
RD-19480,2017,276.27
RD-19480,2016,69.39
RD-19480,2015,25.41
RD-19480,2014,109.52
RD-19585,2017,66.27
RD-19585,2016,24.23
RD-19585,2015,369.39
RD-19585,2014,341.38
RD-19660,2017,757.41
RD-19660,2016,151.77
RD-19660,2015,-73.41
RD-19720,2017,78.99
RD-19720,2016,31.2
RD-19720,2015,23.85
RD-19720,2014,73.68
RD-19810,2017,196.84
RD-19810,2016,115.76
RD-19810,2014,11.29
RD-19900,2017,82.83
RD-19900,2016,177.1
RD-19900,2015,9.09
RD-19900,2014,186.49
RD-19930,2017,19.33
RD-19930,2015,39
RD-19930,2014,-23.29
RE-19405,2014,6.04
RE-19450,2017,9.74
RE-19450,2016,13.32
RE-19450,2015,211.06
RE-19450,2014,-24.87
RF-19345,2016,438.72
RF-19345,2015,102.01
RF-19345,2014,92.94
RF-19735,2017,391.47
RF-19735,2016,110.61
RF-19735,2015,187.1
RF-19735,2014,22.65
RF-19840,2017,-0.3
RF-19840,2016,386.92
RF-19840,2015,0.06
RF-19840,2014,16.17
RH-19495,2017,48.21
RH-19495,2015,480.63
RH-19495,2014,34.94
RH-19510,2016,1160.49
RH-19510,2015,199.08
RH-19510,2014,10.96
RH-19555,2016,6.34
RH-19555,2015,-6.03
RH-19600,2016,7.25
RH-19600,2015,169.14
RK-19300,2017,8.22
RK-19300,2015,265.57
RL-19615,2017,68.15
RL-19615,2016,-6.57
RL-19615,2015,110.11
RL-19615,2014,42.29
RM-19375,2017,202.52
RM-19375,2016,162.04
RM-19375,2015,19.97
RM-19375,2014,13.83
RM-19675,2017,1041.91
RM-19675,2015,660.52
RM-19675,2014,200.12
RM-19750,2017,28.68
RO-19780,2017,-174.33
RO-19780,2016,-90.48
RO-19780,2015,-998
RP-19270,2016,11.7
RP-19270,2015,-50.04
RP-19270,2014,97.86
RP-19390,2017,28.3
RP-19390,2016,154.14
RP-19390,2015,19.71
RP-19390,2014,262.81
RP-19855,2017,19.81
RP-19855,2016,143.06
RP-19855,2015,375.38
RP-19855,2014,56.53
RR-19315,2017,-77.3
RR-19315,2016,3.47
RR-19525,2017,99.94
RR-19525,2016,45.68
RR-19525,2015,32.5
RR-19525,2014,543.57
RS-19420,2017,300.1
RS-19420,2016,14.42
RS-19420,2014,318.93
RS-19765,2017,649.38
RS-19765,2015,5.01
RS-19765,2014,552
RS-19870,2017,6.08
RS-19870,2016,3.5
RW-19540,2017,1660.85
RW-19540,2015,-74.62
RW-19630,2017,321.91
RW-19630,2016,346.37
RW-19630,2014,30.78
RW-19690,2017,710.18
RW-19690,2016,-2.63
SA-20830,2017,164.49
SA-20830,2016,-17.11
SA-20830,2015,98.08
SA-20830,2014,351.32
SB-20170,2017,191.07
SB-20170,2014,-33.39
SB-20185,2017,8.31
SB-20185,2015,939.16
SB-20185,2014,-66.52
SB-20290,2017,-907.05
SB-20290,2016,16.89
SB-20290,2015,79.76
SB-20290,2014,-1272.36
SC-20020,2015,43.32
SC-20020,2014,-341.91
SC-20050,2017,91.45
SC-20050,2016,146.65
SC-20050,2015,9.1
SC-20050,2014,1180.52
SC-20095,2017,5.84
SC-20095,2016,278.03
SC-20095,2015,92.68
SC-20095,2014,5462.59
SC-20230,2017,4.18
SC-20230,2016,435.64
SC-20260,2017,200.26
SC-20260,2015,373.95
SC-20260,2014,96.77
SC-20305,2017,152.58
SC-20305,2016,37.46
SC-20305,2015,0
SC-20305,2014,93.4
SC-20380,2017,270.29
SC-20380,2016,-50
SC-20380,2015,52.91
SC-20380,2014,-3462.2
SC-20440,2017,4.29
SC-20440,2015,375.28
SC-20575,2017,70.27
SC-20575,2015,-2.43
SC-20575,2014,32.39
SC-20680,2017,15.12
SC-20680,2016,109.82
SC-20680,2015,213.7
SC-20680,2014,31.53
SC-20695,2017,-11.6
SC-20695,2016,347.96
SC-20695,2015,222.93
SC-20695,2014,52.53
SC-20725,2017,483.77
SC-20725,2016,273.18
SC-20725,2015,406.39
SC-20725,2014,114.84
SC-20770,2017,-84.83
SC-20770,2016,-1337.23
SC-20770,2015,147.72
SC-20800,2017,2.58
SC-20800,2016,9
SC-20800,2015,40.63
SC-20845,2017,29.94
SC-20845,2016,1.23
SD-20485,2017,-113.2
SD-20485,2016,20.82
SD-20485,2015,1954.79
SD-20485,2014,122.77
SE-20110,2017,-236.83
SE-20110,2016,2673.77
SE-20110,2015,169.88
SE-20110,2014,54.41
SF-20065,2017,110.13
SF-20065,2016,3.06
SF-20065,2015,15.98
SF-20065,2014,98.59
SF-20200,2017,294.84
SF-20200,2016,21.14
SF-20200,2015,-87.01
SF-20200,2014,58.03
SF-20965,2017,8.49
SF-20965,2016,70.2
SF-20965,2015,448.98
SF-20965,2014,12.27
SG-20080,2017,218.25
SG-20080,2015,372.23
SG-20470,2017,-295.98
SG-20470,2016,-18.45
SG-20470,2015,44.5
SG-20470,2014,150.92
SG-20605,2017,25.46
SG-20605,2015,162.96
SG-20605,2014,274.85
SG-20890,2017,-13.27
SG-20890,2016,6.63
SG-20890,2014,2.94
SH-19975,2017,129.85
SH-19975,2016,317.46
SH-19975,2015,51.87
SH-19975,2014,54.47
SH-20395,2017,106.91
SH-20395,2016,-1.48
SH-20395,2015,4.48
SH-20395,2014,-252.19
SH-20635,2015,190.43
SH-20635,2014,70.2
SJ-20125,2017,-56.59
SJ-20125,2016,266.13
SJ-20125,2015,-65.82
SJ-20215,2017,-26.88
SJ-20215,2016,-3.24
SJ-20215,2015,5.9
SJ-20500,2017,-243.16
SJ-20500,2016,253.82
SJ-20500,2014,57.93
SK-19990,2017,165.35
SK-19990,2016,3.44
SL-20155,2017,437.91
SL-20155,2016,3.11
SL-20155,2015,64.77
SL-20155,2014,22.25
SM-20005,2016,-77.84
SM-20005,2014,51.25
SM-20320,2017,34.28
SM-20320,2015,-225.52
SM-20320,2014,-1781.66
SM-20905,2016,-16475.55
SM-20950,2017,442.28
SM-20950,2016,43
SM-20950,2015,468.4
SM-20950,2014,-372.11
SN-20560,2017,-1130.43
SN-20560,2016,409.78
SN-20560,2015,184.58
SN-20710,2017,-18.19
SN-20710,2016,448.74
SN-20710,2015,91.21
SN-20710,2014,32.94
SO-20335,2017,263.02
SO-20335,2015,-282.31
SP-20545,2017,81.96
SP-20545,2016,-203.15
SP-20545,2014,2.81
SP-20620,2017,-552.19
SP-20620,2016,-171.23
SP-20620,2015,-0.62
SP-20620,2014,67.46
SP-20650,2016,50.79
SP-20650,2015,95.84
SP-20650,2014,72.4
SP-20860,2017,11.84
SP-20860,2016,619.14
SP-20860,2015,-47.75
SP-20860,2014,1.19
SP-20920,2017,-22.01
SP-20920,2016,8.7
SP-20920,2014,24.22
SR-20425,2017,-3391.66
SR-20425,2014,57.49
SR-20740,2017,1676.31
SR-20740,2016,181.53
SR-20740,2015,2.4
SR-20740,2014,146.43
SS-20140,2017,387.73
SS-20140,2016,6.55
SS-20140,2015,25.79
SS-20140,2014,-88.04
SS-20410,2017,58.91
SS-20410,2015,-504.24
SS-20410,2014,-952.71
SS-20515,2016,14.87
SS-20515,2015,174.01
SS-20515,2014,22.1
SS-20590,2016,112.38
SS-20590,2015,8.02
SS-20590,2014,15.51
SS-20875,2017,14.82
SS-20875,2016,-1.91
SS-20875,2015,-69.11
SS-20875,2014,-9.15
ST-20530,2017,12.79
ST-20530,2015,27.01
ST-20530,2014,92.38
SU-20665,2017,623.11
SU-20665,2016,64.19
SU-20665,2015,76.4
SV-20365,2017,1570.94
SV-20365,2016,39.77
SV-20365,2015,-191.64
SV-20365,2014,-218.93
SV-20785,2017,9.29
SV-20785,2016,76.77
SV-20785,2015,209.66
SV-20785,2014,189.13
SV-20815,2017,4.2
SV-20815,2016,11.24
SV-20815,2015,184.2
SV-20935,2017,136.82
SV-20935,2016,-30.2
SW-20245,2017,-64.07
SW-20245,2016,82.53
SW-20245,2015,-10.84
SW-20245,2014,-27.2
SW-20275,2017,100.28
SW-20275,2016,221.48
SW-20275,2014,11
SW-20350,2017,-50.25
SW-20350,2016,146.09
SW-20455,2017,50
SW-20455,2016,125.2
SW-20455,2015,618.44
SW-20755,2016,48.51
SW-20755,2014,19.72
SZ-20035,2017,50.42
SZ-20035,2016,49.32
SZ-20035,2015,260.19
SZ-20035,2014,6.49
TA-21385,2017,4599.2
TA-21385,2016,-76
TA-21385,2014,180.52
TB-21055,2017,122.05
TB-21055,2016,267.71
TB-21175,2017,829.65
TB-21175,2016,-6.98
TB-21175,2014,6.04
TB-21190,2017,13.98
TB-21190,2015,3.06
TB-21190,2014,161.97
TB-21250,2017,-31.68
TB-21250,2016,-40.36
TB-21250,2015,318.53
TB-21250,2014,13.8
TB-21280,2016,535.6
TB-21280,2014,200.14
TB-21355,2017,206.56
TB-21355,2016,62.39
TB-21400,2017,218.55
TB-21400,2016,12.18
TB-21400,2014,2590.98
TB-21520,2017,42.26
TB-21520,2016,3.95
TB-21520,2015,-1508.48
TB-21520,2014,-125.24
TB-21595,2017,1.37
TB-21595,2016,-144.59
TB-21595,2014,6.75
TB-21625,2017,233.35
TB-21625,2016,70.93
TB-21625,2015,-8.47
TB-21625,2014,83.99
TC-20980,2016,8764.95
TC-20980,2015,66.58
TC-20980,2014,178.65
TC-21145,2017,265.59
TC-21295,2017,311.56
TC-21295,2016,-27.83
TC-21295,2014,402.54
TC-21475,2017,76.21
TC-21475,2016,32.39
TC-21475,2015,27
TC-21475,2014,-16.47
TC-21535,2017,22.41
TC-21535,2016,161.53
TC-21535,2015,30.65
TC-21535,2014,3.36
TD-20995,2017,13.68
TD-20995,2016,70.25
TD-20995,2015,-4.52
TD-20995,2014,9.23
TG-21310,2017,35.86
TG-21310,2016,844.64
TG-21310,2015,-198.33
TG-21640,2017,84.42
TG-21640,2015,191.28
TG-21640,2014,89.42
TH-21100,2017,10.05
TH-21100,2016,9.19
TH-21100,2015,0.81
TH-21100,2014,-155.27
TH-21115,2017,-181.36
TH-21115,2016,-76.64
TH-21115,2014,5.45
TH-21235,2017,-4.31
TH-21235,2016,119.48
TH-21235,2014,-2.93
TH-21550,2017,-857.02
TH-21550,2015,391.55
TH-21550,2014,26.63
TM-21010,2017,205.84
TM-21010,2015,255.04
TM-21010,2014,128.83
TM-21490,2017,292.53
TN-21040,2017,22
TN-21040,2016,-903.28
TN-21040,2015,167.98
TN-21040,2014,21.25
TP-21130,2017,753.76
TP-21130,2016,376.74
TP-21130,2015,-1.85
TP-21415,2017,-1060.79
TP-21415,2016,-91.11
TP-21415,2015,129.04
TP-21565,2017,-0.04
TP-21565,2016,104.74
TP-21565,2015,34.74
TR-21325,2017,76.8
TR-21325,2016,115.04
TR-21325,2014,28.52
TS-21085,2017,-1.97
TS-21085,2015,-1.35
TS-21160,2016,-48.91
TS-21160,2015,317.76
TS-21160,2014,-2
TS-21205,2017,286.36
TS-21205,2016,104.77
TS-21205,2014,471.81
TS-21340,2017,7.29
TS-21340,2015,92.71
TS-21340,2014,-265.38
TS-21370,2017,1218.01
TS-21370,2015,1135.1
TS-21370,2014,18.62
TS-21430,2017,14.71
TS-21430,2016,17.05
TS-21430,2014,17.14
TS-21505,2017,-6.23
TS-21505,2016,-69.83
TS-21505,2014,87.45
TS-21610,2017,-10.11
TS-21610,2016,-57.29
TS-21610,2014,-227.49
TS-21655,2017,-110.05
TS-21655,2016,364.87
TS-21655,2015,-34.09
TT-21070,2017,441.97
TT-21070,2016,2.69
TT-21070,2015,205.15
TT-21070,2014,121.4
TT-21220,2017,147.47
TT-21220,2016,60.39
TT-21220,2015,56.98
TT-21220,2014,18.38
TT-21265,2016,32.53
TT-21265,2015,61.39
TT-21460,2017,773.26
TT-21460,2016,2.4
TT-21460,2015,281
TW-21025,2017,-6.06
TW-21025,2016,33.01
TW-21025,2015,610.3
TW-21025,2014,100.14
TZ-21580,2017,1.34
TZ-21580,2016,75.97
TZ-21580,2015,24.31
TZ-21580,2014,132.3
VB-21745,2017,181.21
VB-21745,2016,105.42
VB-21745,2015,84.62
VD-21670,2016,50.19
VD-21670,2015,1014.86
VD-21670,2014,611.56
VF-21715,2017,62.48
VF-21715,2014,-155.58
VG-21790,2017,106.1
VG-21790,2016,18.48
VG-21790,2014,19.54
VG-21805,2017,2.41
VG-21805,2016,28.14
VG-21805,2014,-82.88
VM-21685,2017,67.41
VM-21685,2016,371.69
VM-21685,2015,-3.71
VM-21685,2014,78.23
VM-21835,2017,6.97
VM-21835,2016,103.16
VM-21835,2014,6.51
VP-21730,2017,196.46
VP-21730,2015,8.93
VP-21760,2017,-964.48
VP-21760,2016,31.65
VP-21760,2015,-204.15
VP-21760,2014,118.07
VS-21820,2017,-6.42
VS-21820,2016,-7.81
VS-21820,2015,-176.6
VS-21820,2014,-126.25
VT-21700,2015,-257.93
VT-21700,2014,33
VW-21775,2017,565.88
VW-21775,2016,-188.81
VW-21775,2015,-1186.41
VW-21775,2014,-65.32
WB-21850,2017,401.51
WB-21850,2016,293.65
WB-21850,2015,-87.06
WB-21850,2014,106.42
XP-21865,2017,80.12
XP-21865,2016,323.42
XP-21865,2015,24.85
XP-21865,2014,202.31
YC-21895,2017,37.53
YC-21895,2016,427.27
YC-21895,2015,7.07
YC-21895,2014,833.77
YS-21880,2017,1524.13
YS-21880,2015,254.18
ZC-21910,2017,62.34
ZC-21910,2016,-1645.76
ZC-21910,2015,307.48
ZC-21910,2014,328.83
ZD-21925,2017,16.59
ZD-21925,2016,210.01
ZD-21925,2014,25.49
